Смартфон Xiaomi Poco X3 Pro 6/128Gb Frost Blue,7499
Смартфон Xiaomi 11 Lite 5G NE 8/128Gb Truffle Black,11999
Смартфон Xiaomi Redmi Note 9 Pro 6/128GB Tropical Green,6999
Смартфон Xiaomi Redmi 9A 2/32GB Granite Gray,2999
Смартфон Xiaomi Redmi Note 10S 6/128GB Onyx Gray,7499
Смартфон Xiaomi Poco X3 Pro 8/256Gb Frost Blue,8499
Смартфон Xiaomi Poco X3 Pro 8/256Gb Phantom Black,8499
Смартфон Xiaomi Poco X3 Pro 6/128Gb Phantom Black,7499
Смартфон Xiaomi Redmi Note 10 Pro 6/64Gb Onyx Gray,7999
Смартфон Xiaomi Redmi Note 10S 6/64Gb Ocean Blue,6799
Смартфон Xiaomi Redmi Note 10 Pro 6/64Gb Glacier Blue,7999
Смартфон Xiaomi Redmi Note 10S 6/128GB Ocean Blue,7499
Смартфон Xiaomi Redmi 9T 4/64Gb Twilight Blue,5399
Смартфон Xiaomi Redmi 9T 4/64Gb Carbon Gray,5399
Смартфон Xiaomi Redmi 9T 4/64Gb Sunrise Orange,5399
Смартфон Xiaomi Redmi 9T 4/128Gb Carbon Gray,5799
Смартфон Xiaomi Redmi 9A 2/32GB Sky Blue,2999
Смартфон Xiaomi Redmi 9C 3/64GB Midnight Gray,3899
Смартфон Xiaomi Redmi Note 10 Pro 6/128Gb Onyx Gray,8999
Смартфон Xiaomi Redmi Note 10 Pro 6/128Gb Glacier Blue,8999
Смартфон Xiaomi Mi 11 Lite 6/128Gb Boba Black,9499
Смартфон Xiaomi Redmi 9C 2/32GB Twilight Blue,3499
Смартфон Xiaomi Redmi Note 9 Pro 6/128GB Interstellar Grey,6999
Смартфон Xiaomi Redmi 10 4/128GB Carbon Gray,5699
Смартфон Xiaomi Redmi 9C 2/32GB Midnight Gray,3499
Смартфон Xiaomi Redmi 9C 3/64GB Twilight Blue,3899
Смартфон Xiaomi Redmi 9A 2/32GB Peacock Green,2999
Смартфон Xiaomi Redmi 9C 3/64GB Sunrise Orange,3899
Смартфон Xiaomi Redmi 9C 2/32GB Sunrise Orange,3499
Смартфон Xiaomi Redmi 10 4/64Gb Grey,5199
Смартфон Xiaomi Redmi 10 4/64Gb White,5199
Смартфон Xiaomi Redmi 10 4/64Gb Blue,5199
Смартфон Xiaomi Redmi 10 4/128Gb Blue,5699
Смартфон Xiaomi Redmi 10 4/128Gb White,5699
Смартфон Xiaomi Redmi 9T 4/128Gb Ocean Green,5799
Смартфон Xiaomi Redmi Note 10 5G 4/128Gb Nighttime Blue,6299
Смартфон Xiaomi Redmi Note 9 Pro 6/64GB Tropical Green,6499
Смартфон Xiaomi Redmi Note 9 Pro 6/64GB Glacier White,6499
Смартфон Xiaomi Redmi Note 9 Pro 6/64GB Interstellar Grey,6499
Смартфон Xiaomi Redmi Note 10S 6/64GB Onyx Gray,6799
Смартфон Xiaomi Redmi Note 10S 6/64Gb White,6799
Смартфон Xiaomi Mi 11 Lite 6/64Gb Bubblegum Blue,8499
Смартфон Xiaomi 11 Lite 5G NE 6/128Gb Bubblegum Blue,10999
Смартфон Xiaomi 11 Lite 5G NE 6/128Gb Truffle Black,10999
Смартфон Xiaomi 11 Lite 5G NE 8/128Gb Bubblegum Blue,11999
Смартфон Xiaomi 11 Lite 5G NE 8/128Gb Peach Pink,11999
Смартфон Xiaomi 11 Lite 5G NE 8/128Gb Snowflake White,11999
Смартфон Xiaomi 11 Lite 5G NE 8/256Gb Bubblegum Blue,12999
Смартфон Xiaomi 11 Lite 5G NE 8/256Gb Truffle Black,12999
Смартфон Xiaomi 11 Lite 5G NE 8/256Gb Snowflake White,12999
Смартфон Xiaomi 11 Lite 5G NE 8/256Gb Peach Pink,12999
Смартфон Xiaomi Mi 11 Lite 5G 8/128Gb Mint Green,12999
Смартфон Xiaomi 11T 8/128Gb Meteorite Gray,14499
Смартфон Xiaomi 11T 8/128Gb Celestial Blue,14499
Смартфон Xiaomi 11T 8/128Gb Moonlight White,14499
Смартфон Xiaomi 11T 8/256Gb Meteorite Gray,15999
Смартфон Xiaomi 11T 8/256Gb Celestial Blue,15999
Смартфон Xiaomi 11T 8/256Gb Moonlight White,15999
Смартфон Xiaomi 11T Pro 8/128Gb Meteorite Gray,16999
Смартфон Xiaomi 11T Pro 8/128Gb Celestial Blue,16999
Смартфон Xiaomi 11T Pro 8/128Gb Moonlight White,16999
Смартфон Xiaomi Mi 11i 8/256Gb Cosmic Black,16999
Смартфон Xiaomi 11T Pro 8/256Gb Meteorite Gray,17999
Смартфон Xiaomi 11T Pro 8/256Gb Celestial Blue,17999
Смартфон Xiaomi 11T Pro 8/256Gb Moonlight White,17999
Смартфон Xiaomi Redmi Note 10S 6/128GB Pebble White,7499
Смартфон Xiaomi Redmi Note 10 Pro 6/128Gb Gradient Bronze,8999
Смартфон Xiaomi Redmi 9T 4/128Gb Twilight Blue,5799
Смартфон Xiaomi Redmi 9 3/32GB Carbon Grey,3299
Смартфон Xiaomi Redmi 9 3/32GB Sunset Purple,3499
Смартфон Xiaomi Redmi 9 4/64GB Carbon Grey,3999
Смартфон Xiaomi Redmi 9 3/32GB Ocean Green,4199
Смартфон Xiaomi Redmi Note 9 3/64GB Polar White,4499
Смартфон Xiaomi Redmi Note 9 3/64GB Forest Green,4499
Смартфон Xiaomi Redmi Note 9 3/64GB Midnight Grey,4499
Смартфон Xiaomi Redmi Note 9 3/64GB Onyx Black,4499
Смартфон Xiaomi Poco M3 4/64Gb Black,4499
Смартфон Xiaomi Redmi Note 8 2021 4/64Gb Neptune Blue,4499
Смартфон Xiaomi Redmi Note 8 2021 4/64Gb Space Black,4499
Смартфон Xiaomi Redmi 9 4/64GB Sunset Purple,4599
Смартфон Xiaomi Poco M3 4/128Gb Black,4699
Смартфон Xiaomi Poco M3 4/128Gb Blue,4699
Смартфон Xiaomi Poco M3 4/128Gb Yellow,4699
Смартфон Xiaomi Redmi Note 9 4/128GB Midnight Grey,4799
Смартфон Xiaomi Redmi Note 8 2021 4/64Gb Moonlight White,4999
Смартфон Xiaomi Redmi 9T 4/64Gb Ocean Green,5399
Смартфон Xiaomi Poco X3 6/64Gb Shadow Gray,5499
Смартфон Xiaomi Poco X3 6/64Gb Cobalt Blue,5499
Смартфон Xiaomi Redmi Note 9 4/128GB Onyx Black,5799
Смартфон Xiaomi Redmi 9T 4/128Gb Sunrise Orange,5799
Смартфон Xiaomi Redmi Note 10 5G 4/64Gb Nighttime Blue,5799
Смартфон Xiaomi Redmi Note 10 5G 4/64Gb Graphite Gray,5799
Смартфон Xiaomi Redmi Note 10 4/128Gb Lake Green,5999
Смартфон Xiaomi Redmi Note 10 5G 4/64Gb Chrome Silver,5999
Смартфон Xiaomi Redmi Note 10 5G 4/128Gb Graphite Gray,6299
Смартфон Xiaomi Redmi Note 10 5G 4/128Gb Chrome Silver,6299
Смартфон Xiaomi Redmi Note 10 5G 6/128GB Graphite Gray,6799
Смартфон Xiaomi Redmi Note 9 Pro 6/128GB Glacier White,6999
Смартфон Xiaomi Poco X3 6/128Gb Cobalt Blue,6999
Смартфон Xiaomi Poco X3 6/128Gb Shadow Gray,6999
Смартфон Xiaomi Redmi Note 10 Pro 6/64Gb Gradient Bronze,8399
Смартфон Xiaomi Mi 11 Lite 6/64Gb Peach Pink,8499
Смартфон Xiaomi Mi 11 Lite 6/64Gb Boba Black,8499
Смартфон Xiaomi Mi 11 Lite 6/128Gb Bubblegum Blue,9499
Смартфон Xiaomi 11 Lite 5G NE 6/128Gb Snowflake White,10999
Смартфон Xiaomi 11 Lite 5G NE 6/128Gb Peach Pink,10999
Смартфон Xiaomi Mi 11 Lite 5G 6/128Gb Mint Green,11999
Смартфон Xiaomi Mi 11 Lite 5G 6/128Gb Truffle Black,11999
Смартфон Xiaomi Mi 11i 8/256Gb Frosty White,19999
Смартфон Xiaomi 11T Pro 12/256Gb Moonlight White,21499
Смартфон Xiaomi 11T Pro 12/256Gb Meteorite Gray,21499
Смартфон Xiaomi 11T Pro 12/256Gb Celestial Blue,21499
Смартфон Xiaomi Mi 11 8/256Gb Horizon Blue,26999
Смартфон Xiaomi Mi 11 8/256Gb Midnight Gray,26999
